{
	"credit": "Made with Blockbench",
		"parent": "block/block",
	"texture_size": [64, 64],
	"textures": {
		"0": "cobblemon:blocks/healing_machine",
		"2": "cobblemon:blocks/healing_machine_tray",
		"particle": "block/iron_block"
	},
	"elements": [
		{
			"from": [1, 10, 13],
			"to": [15, 16, 16],
			"rotation": {"angle": 0, "axis": "y", "origin": [8, 0, 7.5]},
			"faces": {
				"north": {"uv": [0.25, 0, 3.75, 1.5], "texture": "#0"},
				"east": {"uv": [13.5, 0, 12.75, 1.5], "texture": "#0"},
				"south": {"uv": [8.25, 0, 11.75, 1.5], "texture": "#0"},
				"west": {"uv": [12.75, 0, 13.5, 1.5], "texture": "#0"},
				"up": {"uv": [3.75, 5.75, 0.25, 5], "texture": "#0"},
				"down": {"uv": [6, 6.5, 3.25, 7], "texture": "#0"}
			}
		},
		{
			"from": [1, 0, 0],
			"to": [15, 10, 16],
			"rotation": {"angle": 0, "axis": "y", "origin": [8, 0, 7.5]},
			"faces": {
				"north": {"uv": [0.25, 1.5, 3.75, 4], "texture": "#0"},
				"east": {"uv": [16, 4, 12, 6.5], "texture": "#0"},
				"south": {"uv": [8.25, 1.5, 11.75, 4], "texture": "#0"},
				"west": {"uv": [12, 4, 16, 6.5], "texture": "#0"},
				"up": {"uv": [11.75, 8, 8.25, 4], "texture": "#0"},
				"down": {"uv": [7.75, 4, 4.25, 8], "texture": "#0"}
			}
		},
		{
			"from": [3, 8, 2],
			"to": [13, 10, 13],
			"faces": {
				"north": {"uv": [0, 0, 2.5, 0.5], "texture": "#missing"},
				"east": {"uv": [0, 0, 2.75, 0.5], "texture": "#missing"},
				"south": {"uv": [0, 0, 2.5, 0.5], "texture": "#missing"},
				"west": {"uv": [0, 0, 2.75, 0.5], "texture": "#missing"},
				"up": {"uv": [3, 1, 13, 14], "texture": "#2"},
				"down": {"uv": [0, 0, 2.5, 2.75], "texture": "#missing"}
			}
		},
		{
			"from": [1, 10, 0],
			"to": [4, 11, 3],
			"faces": {
				"north": {"uv": [3, 1.5, 3.75, 1.75], "texture": "#0"},
				"east": {"uv": [3, 1.5, 3.75, 1.75], "texture": "#0"},
				"south": {"uv": [3, 1.5, 3.75, 1.75], "texture": "#0"},
				"west": {"uv": [3.75, 1.5, 3, 1.75], "texture": "#0"},
				"up": {"uv": [7, 7.25, 7.75, 8], "rotation": 180, "texture": "#0"},
				"down": {"uv": [7, 7.25, 7.75, 8], "texture": "#0"}
			}
		},
		{
			"from": [12, 10, 0],
			"to": [15, 11, 3],
			"faces": {
				"north": {"uv": [0.25, 1.5, 1, 1.75], "texture": "#0"},
				"east": {"uv": [4.75, 1.5, 4, 1.75], "texture": "#0"},
				"south": {"uv": [4, 1.5, 4.75, 1.75], "texture": "#0"},
				"west": {"uv": [0.25, 1.5, 1, 1.75], "texture": "#0"},
				"up": {"uv": [4.25, 7.25, 5, 8], "rotation": 180, "texture": "#0"},
				"down": {"uv": [4.25, 7.25, 5, 8], "texture": "#0"}
			}
		}
	],
	"groups": [
		{
			"name": "pokemon_healing_machine",
			"origin": [0, 0, 0],
			"color": 0,
			"children": [0, 1, 2]
		},
		3,
		4
	]
}