{
	"credit": "Made with Blockbench",
	"parent": "block/block",
	"textures": {
		"2": "cobblemon:blocks/pc",
		"particle": "cobblemon:blocks/pc"
	},
	"elements": [
		{
			"name": "base",
			"from": [5, 0, 5],
			"to": [11, 12, 11],
			"faces": {
				"north": {"uv": [10.66667, 9.66667, 12.66667, 15.41667], "texture": "#2"},
				"east": {"uv": [10.66667, 9.66667, 12.66667, 15.41667], "texture": "#2"},
				"south": {"uv": [8.66667, 9.66667, 10.66667, 15.41667], "texture": "#2"},
				"west": {"uv": [10.66667, 9.66667, 12.66667, 15.41667], "texture": "#2"}
			}
		},
		{
			"name": "Top",
			"from": [0, 11, 2],
			"to": [16, 14, 14],
			"faces": {
				"north": {"uv": [10.66667, 8, 16, 9.5], "texture": "#2"},
				"east": {"uv": [10.66667, 8, 14.66667, 9.5], "texture": "#2"},
				"south": {"uv": [10.66667, 8, 16, 9.5], "texture": "#2"},
				"west": {"uv": [14.66667, 8, 10.66667, 9.5], "texture": "#2"},
				"up": {"uv": [0, 8, 5.33333, 14], "texture": "#2"},
				"down": {"uv": [0, 8, 5.33333, 14], "texture": "#2"}
			}
		},
		{
			"name": "Cube",
			"from": [4, 9, 4],
			"to": [12, 11, 12],
			"faces": {
				"north": {"uv": [1.33333, 8, 4, 9], "texture": "#2"},
				"east": {"uv": [1.33333, 8, 4, 9], "texture": "#2"},
				"south": {"uv": [1.33333, 8, 4, 9], "texture": "#2"},
				"west": {"uv": [1.33333, 8, 4, 9], "texture": "#2"},
				"up": {"uv": [0, 0, 0, 0], "texture": "#2"},
				"down": {"uv": [1.33333, 9, 4, 13], "texture": "#2"}
			}
		},
		{
			"name": "Cube",
			"from": [4, 0, 4],
			"to": [12, 2, 12],
			"faces": {
				"north": {"uv": [12, 15, 14.66667, 16], "texture": "#2"},
				"east": {"uv": [12.66667, 15, 15.66667, 16], "texture": "#2"},
				"south": {"uv": [12.66667, 15, 15.33333, 16], "texture": "#2"},
				"west": {"uv": [12.33333, 15, 15, 16], "texture": "#2"},
				"up": {"uv": [12.66667, 10.5, 15.33333, 14.5], "texture": "#2"},
				"down": {"uv": [12.66667, 10.5, 15.33333, 14.5], "texture": "#2"}
			}
		},
		{
			"from": [1, 14, 0],
			"to": [15, 15, 6],
			"rotation": {"angle": 0, "axis": "x", "origin": [8, 15, 6]},
			"faces": {
				"north": {"uv": [0, 7.5, 4.66667, 8], "texture": "#2"},
				"east": {"uv": [0, 7, 2, 7.5], "texture": "#2"},
				"south": {"uv": [0, 7.5, 4.66667, 8], "texture": "#2"},
				"west": {"uv": [0, 7, 2, 7.5], "rotation": 180, "texture": "#2"},
				"up": {"uv": [3.33333, 0, 5.33333, 7], "rotation": 270, "texture": "#2"},
				"down": {"uv": [3.33333, 0, 5.33333, 7], "rotation": 90, "texture": "#2"}
			}
		},
		{
			"from": [0, 14, 6],
			"to": [16, 27, 16],
			"faces": {
				"north": {"uv": [10.66667, 0, 16, 6.46667], "texture": "#2"},
				"east": {"uv": [0, 0, 3.33333, 6.5], "texture": "#2"},
				"south": {"uv": [5.33333, 0, 10.66667, 6.5], "texture": "#2"},
				"west": {"uv": [0, 0, 3.33333, 6.5], "texture": "#2"},
				"up": {"uv": [5.33333, 8, 8.66667, 16], "rotation": 90, "texture": "#2"},
				"down": {"uv": [5.33333, 8, 8.66667, 16], "rotation": 90, "texture": "#2"}
			}
		},
		{
			"from": [12, 12, 15.7],
			"to": [13, 14, 15.7],
			"faces": {
				"north": {"uv": [1.33333, 14.5, 2, 14], "rotation": 90, "texture": "#2"},
				"east": {"uv": [0, 0, 0, 8], "texture": "#2"},
				"south": {"uv": [1.33333, 14, 2, 14.5], "rotation": 90, "texture": "#2"},
				"west": {"uv": [0, 0, 0, 8], "texture": "#2"},
				"up": {"uv": [0, 0, 4, 0], "texture": "#2"},
				"down": {"uv": [0, 0, 4, 0], "texture": "#2"}
			}
		},
		{
			"from": [11, 10, 15.7],
			"to": [12, 12, 15.7],
			"faces": {
				"north": {"uv": [2, 15, 2.66667, 14.5], "rotation": 90, "texture": "#2"},
				"east": {"uv": [0, 0, 0, 8], "texture": "#2"},
				"south": {"uv": [2, 14.5, 2.66667, 15], "rotation": 90, "texture": "#2"},
				"west": {"uv": [0, 0, 0, 8], "texture": "#2"},
				"up": {"uv": [0, 0, 4, 0], "texture": "#2"},
				"down": {"uv": [0, 0, 4, 0], "texture": "#2"}
			}
		},
		{
			"from": [10, 7, 15.7],
			"to": [11, 10, 15.7],
			"faces": {
				"north": {"uv": [2.66667, 15.5, 3.66667, 15], "rotation": 90, "texture": "#2"},
				"east": {"uv": [0, 0, 0, 8], "texture": "#2"},
				"south": {"uv": [2.66667, 15, 3.66667, 15.5], "rotation": 90, "texture": "#2"},
				"west": {"uv": [0, 0, 0, 8], "texture": "#2"},
				"up": {"uv": [0, 0, 4, 0], "texture": "#2"},
				"down": {"uv": [0, 0, 4, 0], "texture": "#2"}
			}
		},
		{
			"from": [9, 6, 15.7],
			"to": [10, 7, 15.7],
			"faces": {
				"north": {"uv": [3.66667, 16, 4, 15.5], "rotation": 90, "texture": "#2"},
				"east": {"uv": [0, 0, 0, 8], "texture": "#2"},
				"south": {"uv": [3.66667, 15.5, 4, 16], "rotation": 90, "texture": "#2"},
				"west": {"uv": [0, 0, 0, 8], "texture": "#2"},
				"up": {"uv": [0, 0, 4, 0], "texture": "#2"},
				"down": {"uv": [0, 0, 4, 0], "texture": "#2"}
			}
		},
		{
			"from": [7.05, 6, 10.7],
			"to": [8.05, 6, 11.7],
			"faces": {
				"north": {"uv": [0, 0, 3, 0], "texture": "#missing"},
				"east": {"uv": [0, 0, 5, 0], "texture": "#missing"},
				"south": {"uv": [0, 0, 3, 0], "texture": "#missing"},
				"west": {"uv": [0, 0, 5, 0], "texture": "#missing"},
				"up": {"uv": [9.33333, 9, 9, 9.46667], "rotation": 270, "texture": "#2"},
				"down": {"uv": [9, 9, 9.3, 9.5], "rotation": 270, "texture": "#2"}
			}
		},
		{
			"from": [9.05, 6, 14.7],
			"to": [10.05, 6, 15.7],
			"faces": {
				"north": {"uv": [0, 0, 3, 0], "texture": "#missing"},
				"east": {"uv": [0, 0, 5, 0], "texture": "#missing"},
				"south": {"uv": [0, 0, 3, 0], "texture": "#missing"},
				"west": {"uv": [0, 0, 5, 0], "texture": "#missing"},
				"up": {"uv": [10.66667, 10, 10.33333, 10.46667], "rotation": 270, "texture": "#2"},
				"down": {"uv": [10.33333, 10, 10.63333, 10.5], "rotation": 270, "texture": "#2"}
			}
		},
		{
			"from": [8.05, 6, 11.7],
			"to": [9.05, 6, 14.7],
			"faces": {
				"north": {"uv": [0, 0, 3, 0], "texture": "#missing"},
				"east": {"uv": [0, 0, 5, 0], "texture": "#missing"},
				"south": {"uv": [0, 0, 3, 0], "texture": "#missing"},
				"west": {"uv": [0, 0, 5, 0], "texture": "#missing"},
				"up": {"uv": [10.33333, 9.5, 9.33333, 9.96667], "rotation": 270, "texture": "#2"},
				"down": {"uv": [9.33333, 9.5, 10.3, 10], "rotation": 270, "texture": "#2"}
			}
		}
	]
}